CustomerID,Index
12347.0,1
12348.0,2
12349.0,3
12350.0,4
12352.0,5
12353.0,6
12354.0,7
12355.0,8
12356.0,9
12358.0,10
12359.0,11
12360.0,12
12361.0,13
12362.0,14
12363.0,15
12364.0,16
12365.0,17
12367.0,18
12370.0,19
12371.0,20
12372.0,21
12373.0,22
12374.0,23
12375.0,24
12377.0,25
12379.0,26
12380.0,27
12381.0,28
12383.0,29
12384.0,30
12386.0,31
12388.0,32
12390.0,33
12391.0,34
12393.0,35
12394.0,36
12395.0,37
12397.0,38
12398.0,39
12399.0,40
12401.0,41
12402.0,42
12403.0,43
12405.0,44
12406.0,45
12407.0,46
12408.0,47
12409.0,48
12410.0,49
12412.0,50
12413.0,51
12414.0,52
12415.0,53
12417.0,54
12418.0,55
12420.0,56
12421.0,57
12422.0,58
12423.0,59
12424.0,60
12425.0,61
12426.0,62
12427.0,63
12428.0,64
12429.0,65
12430.0,66
12431.0,67
12432.0,68
12433.0,69
12434.0,70
12435.0,71
12436.0,72
12437.0,73
12438.0,74
12441.0,75
12442.0,76
12444.0,77
12445.0,78
12446.0,79
12447.0,80
12448.0,81
12449.0,82
12450.0,83
12451.0,84
12452.0,85
12453.0,86
12454.0,87
12455.0,88
12456.0,89
12457.0,90
12458.0,91
12461.0,92
12462.0,93
12463.0,94
12464.0,95
12465.0,96
12468.0,97
12471.0,98
12472.0,99
12473.0,100
12474.0,101
12475.0,102
12476.0,103
12477.0,104
12478.0,105
12479.0,106
12480.0,107
12481.0,108
12483.0,109
12484.0,110
12488.0,111
12489.0,112
12490.0,113
12491.0,114
12492.0,115
12493.0,116
12494.0,117
12497.0,118
12498.0,119
12500.0,120
12502.0,121
12504.0,122
12506.0,123
12507.0,124
12508.0,125
12509.0,126
12510.0,127
12512.0,128
12513.0,129
12514.0,130
12515.0,131
12516.0,132
12517.0,133
12518.0,134
12519.0,135
12520.0,136
12521.0,137
12522.0,138
12523.0,139
12524.0,140
12526.0,141
12527.0,142
12528.0,143
12530.0,144
12531.0,145
12532.0,146
12534.0,147
12535.0,148
12538.0,149
12539.0,150
12540.0,151
12541.0,152
12544.0,153
12545.0,154
12546.0,155
12547.0,156
12548.0,157
12550.0,158
12551.0,159
12552.0,160
12553.0,161
12556.0,162
12557.0,163
12558.0,164
12559.0,165
12560.0,166
12561.0,167
12562.0,168
12564.0,169
12565.0,170
12566.0,171
12567.0,172
12569.0,173
12571.0,174
12572.0,175
12573.0,176
12574.0,177
12576.0,178
12577.0,179
12578.0,180
12579.0,181
12580.0,182
12581.0,183
12582.0,184
12583.0,185
12584.0,186
12585.0,187
12586.0,188
12587.0,189
12588.0,190
12589.0,191
12590.0,192
12591.0,193
12592.0,194
12593.0,195
12594.0,196
12596.0,197
12597.0,198
12598.0,199
12599.0,200
12600.0,201
12601.0,202
12602.0,203
12603.0,204
12604.0,205
12609.0,206
12610.0,207
12611.0,208
12612.0,209
12613.0,210
12614.0,211
12615.0,212
12616.0,213
12617.0,214
12618.0,215
12619.0,216
12620.0,217
12621.0,218
12622.0,219
12623.0,220
12624.0,221
12625.0,222
12626.0,223
12627.0,224
12628.0,225
12630.0,226
12631.0,227
12633.0,228
12635.0,229
12637.0,230
12638.0,231
12639.0,232
12640.0,233
12641.0,234
12642.0,235
12643.0,236
12644.0,237
12645.0,238
12646.0,239
12647.0,240
12648.0,241
12649.0,242
12650.0,243
12651.0,244
12652.0,245
12653.0,246
12654.0,247
12656.0,248
12657.0,249
12658.0,250
12659.0,251
12660.0,252
12662.0,253
12664.0,254
12665.0,255
12667.0,256
12668.0,257
12669.0,258
12670.0,259
12672.0,260
12673.0,261
12674.0,262
12676.0,263
12678.0,264
12679.0,265
12680.0,266
12681.0,267
12682.0,268
12683.0,269
12684.0,270
12685.0,271
12686.0,272
12689.0,273
12690.0,274
12691.0,275
12693.0,276
12694.0,277
12695.0,278
12697.0,279
12700.0,280
12701.0,281
12702.0,282
12703.0,283
12704.0,284
12705.0,285
12707.0,286
12708.0,287
12709.0,288
12710.0,289
12712.0,290
12713.0,291
12714.0,292
12715.0,293
12716.0,294
12717.0,295
12718.0,296
12719.0,297
12720.0,298
12721.0,299
12722.0,300
12723.0,301
12724.0,302
12725.0,303
12726.0,304
12727.0,305
12728.0,306
12729.0,307
12731.0,308
12732.0,309
12733.0,310
12734.0,311
12735.0,312
12736.0,313
12738.0,314
12739.0,315
12740.0,316
12743.0,317
12744.0,318
12747.0,319
12748.0,320
12749.0,321
12750.0,322
12752.0,323
12753.0,324
12754.0,325
12755.0,326
12756.0,327
12757.0,328
12758.0,329
12759.0,330
12762.0,331
12763.0,332
12764.0,333
12766.0,334
12769.0,335
12770.0,336
12772.0,337
12775.0,338
12778.0,339
12779.0,340
12781.0,341
12782.0,342
12783.0,343
12784.0,344
12785.0,345
12787.0,346
12789.0,347
12790.0,348
12791.0,349
12792.0,350
12793.0,351
12794.0,352
12795.0,353
12797.0,354
12798.0,355
12802.0,356
12808.0,357
12809.0,358
12811.0,359
12812.0,360
12814.0,361
12815.0,362
12816.0,363
12817.0,364
12818.0,365
12820.0,366
12821.0,367
12822.0,368
12823.0,369
12824.0,370
12826.0,371
12827.0,372
12828.0,373
12829.0,374
12830.0,375
12831.0,376
12832.0,377
12833.0,378
12834.0,379
12836.0,380
12837.0,381
12838.0,382
12839.0,383
12840.0,384
12841.0,385
12842.0,386
12843.0,387
12844.0,388
12845.0,389
12847.0,390
12849.0,391
12851.0,392
12852.0,393
12853.0,394
12854.0,395
12855.0,396
12856.0,397
12857.0,398
12863.0,399
12864.0,400
12865.0,401
12866.0,402
12867.0,403
12868.0,404
12871.0,405
12872.0,406
12873.0,407
12875.0,408
12876.0,409
12877.0,410
12878.0,411
12879.0,412
12881.0,413
12882.0,414
12883.0,415
12884.0,416
12885.0,417
12886.0,418
12888.0,419
12890.0,420
12891.0,421
12893.0,422
12895.0,423
12897.0,424
12901.0,425
12902.0,426
12904.0,427
12906.0,428
12908.0,429
12909.0,430
12910.0,431
12912.0,432
12913.0,433
12915.0,434
12916.0,435
12917.0,436
12919.0,437
12920.0,438
12921.0,439
12922.0,440
12923.0,441
12924.0,442
12925.0,443
12928.0,444
12929.0,445
12930.0,446
12931.0,447
12933.0,448
12935.0,449
12936.0,450
12937.0,451
12938.0,452
12939.0,453
12940.0,454
12942.0,455
12944.0,456
12945.0,457
12947.0,458
12948.0,459
12949.0,460
12950.0,461
12951.0,462
12952.0,463
12953.0,464
12955.0,465
12956.0,466
12957.0,467
12962.0,468
12963.0,469
12966.0,470
12967.0,471
12968.0,472
12970.0,473
12971.0,474
12974.0,475
12976.0,476
12977.0,477
12980.0,478
12981.0,479
12982.0,480
12984.0,481
12985.0,482
12987.0,483
12988.0,484
12989.0,485
12990.0,486
12991.0,487
12993.0,488
12994.0,489
12995.0,490
12997.0,491
12999.0,492
13000.0,493
13001.0,494
13002.0,495
13003.0,496
13004.0,497
13005.0,498
13006.0,499
13008.0,500
13011.0,501
13012.0,502
13013.0,503
13014.0,504
13015.0,505
13016.0,506
13017.0,507
13018.0,508
13021.0,509
13023.0,510
13026.0,511
13027.0,512
13028.0,513
13029.0,514
13030.0,515
13032.0,516
13033.0,517
13034.0,518
13035.0,519
13037.0,520
13038.0,521
13040.0,522
13043.0,523
13044.0,524
13045.0,525
13046.0,526
13047.0,527
13048.0,528
13049.0,529
13050.0,530
13052.0,531
13055.0,532
13058.0,533
13059.0,534
13060.0,535
13061.0,536
13062.0,537
13064.0,538
13065.0,539
13066.0,540
13067.0,541
13068.0,542
13069.0,543
13070.0,544
13072.0,545
13075.0,546
13077.0,547
13078.0,548
13079.0,549
13080.0,550
13081.0,551
13082.0,552
13083.0,553
13085.0,554
13089.0,555
13090.0,556
13091.0,557
13092.0,558
13093.0,559
13094.0,560
13095.0,561
13097.0,562
13098.0,563
13099.0,564
13101.0,565
13102.0,566
13103.0,567
13104.0,568
13106.0,569
13107.0,570
13108.0,571
13109.0,572
13110.0,573
13113.0,574
13115.0,575
13116.0,576
13117.0,577
13118.0,578
13120.0,579
13121.0,580
13122.0,581
13124.0,582
13126.0,583
13127.0,584
13130.0,585
13131.0,586
13132.0,587
13133.0,588
13134.0,589
13135.0,590
13136.0,591
13137.0,592
13138.0,593
13139.0,594
13140.0,595
13141.0,596
13142.0,597
13144.0,598
13145.0,599
13146.0,600
13147.0,601
13148.0,602
13149.0,603
13151.0,604
13153.0,605
13155.0,606
13157.0,607
13158.0,608
13159.0,609
13160.0,610
13161.0,611
13162.0,612
13165.0,613
13166.0,614
13167.0,615
13168.0,616
13169.0,617
13170.0,618
13171.0,619
13173.0,620
13174.0,621
13176.0,622
13177.0,623
13178.0,624
13182.0,625
13183.0,626
13184.0,627
13185.0,628
13186.0,629
13187.0,630
13188.0,631
13189.0,632
13192.0,633
13193.0,634
13194.0,635
13196.0,636
13198.0,637
13199.0,638
13200.0,639
13203.0,640
13207.0,641
13208.0,642
13209.0,643
13210.0,644
13211.0,645
13212.0,646
13213.0,647
13216.0,648
13217.0,649
13218.0,650
13220.0,651
13221.0,652
13223.0,653
13224.0,654
13225.0,655
13226.0,656
13227.0,657
13228.0,658
13229.0,659
13230.0,660
13232.0,661
13233.0,662
13235.0,663
13236.0,664
13238.0,665
13239.0,666
13240.0,667
13242.0,668
13243.0,669
13244.0,670
13245.0,671
13246.0,672
13247.0,673
13248.0,674
13249.0,675
13253.0,676
13255.0,677
13256.0,678
13258.0,679
13259.0,680
13260.0,681
13261.0,682
13262.0,683
13263.0,684
13265.0,685
13266.0,686
13267.0,687
13268.0,688
13269.0,689
13270.0,690
13271.0,691
13272.0,692
13273.0,693
13276.0,694
13277.0,695
13278.0,696
13279.0,697
13280.0,698
13282.0,699
13283.0,700
13284.0,701
13285.0,702
13291.0,703
13292.0,704
13294.0,705
13295.0,706
13296.0,707
13297.0,708
13298.0,709
13299.0,710
13300.0,711
13301.0,712
13302.0,713
13304.0,714
13305.0,715
13307.0,716
13308.0,717
13309.0,718
13310.0,719
13311.0,720
13313.0,721
13314.0,722
13316.0,723
13317.0,724
13318.0,725
13319.0,726
13320.0,727
13321.0,728
13322.0,729
13323.0,730
13324.0,731
13325.0,732
13327.0,733
13328.0,734
13329.0,735
13330.0,736
13332.0,737
13334.0,738
13336.0,739
13338.0,740
13339.0,741
13340.0,742
13341.0,743
13343.0,744
13344.0,745
13345.0,746
13347.0,747
13348.0,748
13349.0,749
13350.0,750
13351.0,751
13352.0,752
13354.0,753
13355.0,754
13356.0,755
13357.0,756
13358.0,757
13359.0,758
13362.0,759
13363.0,760
13364.0,761
13365.0,762
13366.0,763
13368.0,764
13369.0,765
13370.0,766
13372.0,767
13373.0,768
13375.0,769
13376.0,770
13379.0,771
13381.0,772
13382.0,773
13384.0,774
13385.0,775
13388.0,776
13389.0,777
13390.0,778
13391.0,779
13394.0,780
13395.0,781
13396.0,782
13397.0,783
13398.0,784
13402.0,785
13403.0,786
13404.0,787
13405.0,788
13408.0,789
13410.0,790
13411.0,791
13414.0,792
13416.0,793
13417.0,794
13418.0,795
13419.0,796
13420.0,797
13421.0,798
13425.0,799
13426.0,800
13427.0,801
13428.0,802
13429.0,803
13430.0,804
13431.0,805
13434.0,806
13435.0,807
13436.0,808
13437.0,809
13439.0,810
13441.0,811
13447.0,812
13448.0,813
13449.0,814
13450.0,815
13451.0,816
13452.0,817
13453.0,818
13455.0,819
13456.0,820
13458.0,821
13460.0,822
13461.0,823
13462.0,824
13464.0,825
13466.0,826
13467.0,827
13468.0,828
13470.0,829
13471.0,830
13473.0,831
13474.0,832
13475.0,833
13476.0,834
13477.0,835
13479.0,836
13481.0,837
13482.0,838
13483.0,839
13484.0,840
13485.0,841
13486.0,842
13487.0,843
13488.0,844
13489.0,845
13491.0,846
13492.0,847
13493.0,848
13494.0,849
13495.0,850
13496.0,851
13497.0,852
13499.0,853
13500.0,854
13501.0,855
13502.0,856
13503.0,857
13504.0,858
13505.0,859
13506.0,860
13507.0,861
13508.0,862
13509.0,863
13510.0,864
13512.0,865
13513.0,866
13514.0,867
13515.0,868
13516.0,869
13517.0,870
13518.0,871
13519.0,872
13520.0,873
13522.0,874
13523.0,875
13524.0,876
13525.0,877
13527.0,878
13529.0,879
13531.0,880
13532.0,881
13533.0,882
13534.0,883
13536.0,884
13538.0,885
13539.0,886
13544.0,887
13546.0,888
13548.0,889
13549.0,890
13551.0,891
13552.0,892
13555.0,893
13557.0,894
13558.0,895
13560.0,896
13561.0,897
13562.0,898
13563.0,899
13564.0,900
13565.0,901
13566.0,902
13568.0,903
13569.0,904
13570.0,905
13571.0,906
13572.0,907
13573.0,908
13575.0,909
13576.0,910
13577.0,911
13579.0,912
13581.0,913
13583.0,914
13584.0,915
13587.0,916
13588.0,917
13589.0,918
13590.0,919
13591.0,920
13592.0,921
13593.0,922
13594.0,923
13596.0,924
13598.0,925
13599.0,926
13600.0,927
13601.0,928
13602.0,929
13603.0,930
13606.0,931
13607.0,932
13610.0,933
13611.0,934
13614.0,935
13615.0,936
13617.0,937
13618.0,938
13621.0,939
13623.0,940
13626.0,941
13627.0,942
13629.0,943
13630.0,944
13631.0,945
13632.0,946
13634.0,947
13635.0,948
13636.0,949
13637.0,950
13638.0,951
13639.0,952
13642.0,953
13643.0,954
13644.0,955
13645.0,956
13647.0,957
13649.0,958
13650.0,959
13651.0,960
13652.0,961
13654.0,962
13655.0,963
13656.0,964
13657.0,965
13658.0,966
13659.0,967
13662.0,968
13663.0,969
13666.0,970
13667.0,971
13668.0,972
13669.0,973
13670.0,974
13672.0,975
13673.0,976
13675.0,977
13678.0,978
13680.0,979
13681.0,980
13682.0,981
13684.0,982
13685.0,983
13686.0,984
13689.0,985
13690.0,986
13692.0,987
13694.0,988
13695.0,989
13697.0,990
13699.0,991
13700.0,992
13703.0,993
13704.0,994
13705.0,995
13706.0,996
13707.0,997
13708.0,998
13709.0,999
13710.0,1000
13711.0,1001
13712.0,1002
13715.0,1003
13716.0,1004
13717.0,1005
13718.0,1006
13719.0,1007
13720.0,1008
13721.0,1009
13722.0,1010
13723.0,1011
13725.0,1012
13726.0,1013
13727.0,1014
13728.0,1015
13730.0,1016
13731.0,1017
13732.0,1018
13735.0,1019
13736.0,1020
13737.0,1021
13739.0,1022
13740.0,1023
13741.0,1024
13742.0,1025
13743.0,1026
13744.0,1027
13745.0,1028
13747.0,1029
13748.0,1030
13750.0,1031
13751.0,1032
13752.0,1033
13753.0,1034
13754.0,1035
13755.0,1036
13756.0,1037
13758.0,1038
13759.0,1039
13760.0,1040
13761.0,1041
13762.0,1042
13763.0,1043
13764.0,1044
13767.0,1045
13769.0,1046
13771.0,1047
13772.0,1048
13774.0,1049
13777.0,1050
13778.0,1051
13780.0,1052
13781.0,1053
13782.0,1054
13784.0,1055
13786.0,1056
13787.0,1057
13790.0,1058
13791.0,1059
13792.0,1060
13798.0,1061
13799.0,1062
13800.0,1063
13801.0,1064
13802.0,1065
13803.0,1066
13804.0,1067
13805.0,1068
13806.0,1069
13807.0,1070
13808.0,1071
13809.0,1072
13810.0,1073
13811.0,1074
13812.0,1075
13813.0,1076
13814.0,1077
13815.0,1078
13816.0,1079
13817.0,1080
13819.0,1081
13821.0,1082
13822.0,1083
13823.0,1084
13824.0,1085
13826.0,1086
13827.0,1087
13828.0,1088
13831.0,1089
13832.0,1090
13833.0,1091
13835.0,1092
13837.0,1093
13838.0,1094
13841.0,1095
13842.0,1096
13844.0,1097
13845.0,1098
13846.0,1099
13848.0,1100
13849.0,1101
13850.0,1102
13851.0,1103
13853.0,1104
13854.0,1105
13856.0,1106
13858.0,1107
13859.0,1108
13860.0,1109
13862.0,1110
13863.0,1111
13865.0,1112
13866.0,1113
13867.0,1114
13868.0,1115
13869.0,1116
13870.0,1117
13871.0,1118
13873.0,1119
13874.0,1120
13875.0,1121
13876.0,1122
13877.0,1123
13878.0,1124
13880.0,1125
13881.0,1126
13882.0,1127
13883.0,1128
13884.0,1129
13885.0,1130
13886.0,1131
13887.0,1132
13888.0,1133
13889.0,1134
13890.0,1135
13892.0,1136
13893.0,1137
13894.0,1138
13895.0,1139
13897.0,1140
13898.0,1141
13899.0,1142
13900.0,1143
13901.0,1144
13904.0,1145
13908.0,1146
13911.0,1147
13914.0,1148
13917.0,1149
13918.0,1150
13919.0,1151
13922.0,1152
13923.0,1153
13924.0,1154
13925.0,1155
13926.0,1156
13927.0,1157
13928.0,1158
13929.0,1159
13930.0,1160
13931.0,1161
13932.0,1162
13933.0,1163
13934.0,1164
13936.0,1165
13937.0,1166
13938.0,1167
13939.0,1168
13940.0,1169
13941.0,1170
13946.0,1171
13947.0,1172
13948.0,1173
13949.0,1174
13950.0,1175
13951.0,1176
13952.0,1177
13953.0,1178
13954.0,1179
13955.0,1180
13956.0,1181
13959.0,1182
13960.0,1183
13962.0,1184
13963.0,1185
13967.0,1186
13969.0,1187
13971.0,1188
13972.0,1189
13973.0,1190
13974.0,1191
13975.0,1192
13976.0,1193
13978.0,1194
13979.0,1195
13980.0,1196
13982.0,1197
13983.0,1198
13984.0,1199
13985.0,1200
13986.0,1201
13988.0,1202
13989.0,1203
13990.0,1204
13991.0,1205
13992.0,1206
13993.0,1207
13994.0,1208
13995.0,1209
13999.0,1210
14000.0,1211
14001.0,1212
14002.0,1213
14004.0,1214
14005.0,1215
14006.0,1216
14009.0,1217
14012.0,1218
14013.0,1219
14014.0,1220
14015.0,1221
14016.0,1222
14019.0,1223
14020.0,1224
14021.0,1225
14022.0,1226
14023.0,1227
14024.0,1228
14027.0,1229
14029.0,1230
14030.0,1231
14031.0,1232
14032.0,1233
14034.0,1234
14035.0,1235
14036.0,1236
14037.0,1237
14038.0,1238
14039.0,1239
14040.0,1240
14041.0,1241
14044.0,1242
14045.0,1243
14046.0,1244
14047.0,1245
14048.0,1246
14049.0,1247
14050.0,1248
14051.0,1249
14052.0,1250
14053.0,1251
14054.0,1252
14055.0,1253
14056.0,1254
14057.0,1255
14059.0,1256
14060.0,1257
14062.0,1258
14064.0,1259
14066.0,1260
14067.0,1261
14068.0,1262
14071.0,1263
14073.0,1264
14075.0,1265
14076.0,1266
14077.0,1267
14078.0,1268
14079.0,1269
14080.0,1270
14081.0,1271
14082.0,1272
14083.0,1273
14085.0,1274
14087.0,1275
14088.0,1276
14089.0,1277
14090.0,1278
14092.0,1279
14096.0,1280
14098.0,1281
14099.0,1282
14100.0,1283
14101.0,1284
14102.0,1285
14104.0,1286
14105.0,1287
14107.0,1288
14108.0,1289
14109.0,1290
14110.0,1291
14111.0,1292
14112.0,1293
14113.0,1294
14114.0,1295
14116.0,1296
14117.0,1297
14121.0,1298
14124.0,1299
14125.0,1300
14126.0,1301
14127.0,1302
14128.0,1303
14129.0,1304
14130.0,1305
14132.0,1306
14133.0,1307
14135.0,1308
14138.0,1309
14139.0,1310
14140.0,1311
14141.0,1312
14142.0,1313
14143.0,1314
14145.0,1315
14146.0,1316
14147.0,1317
14148.0,1318
14149.0,1319
14150.0,1320
14152.0,1321
14154.0,1322
14155.0,1323
14156.0,1324
14157.0,1325
14158.0,1326
14159.0,1327
14161.0,1328
14162.0,1329
14163.0,1330
14164.0,1331
14165.0,1332
14167.0,1333
14171.0,1334
14173.0,1335
14174.0,1336
14175.0,1337
14176.0,1338
14177.0,1339
14178.0,1340
14179.0,1341
14180.0,1342
14184.0,1343
14185.0,1344
14188.0,1345
14189.0,1346
14191.0,1347
14193.0,1348
14194.0,1349
14195.0,1350
14196.0,1351
14198.0,1352
14199.0,1353
14201.0,1354
14204.0,1355
14205.0,1356
14206.0,1357
14208.0,1358
14209.0,1359
14210.0,1360
14211.0,1361
14212.0,1362
14214.0,1363
14215.0,1364
14216.0,1365
14217.0,1366
14218.0,1367
14219.0,1368
14220.0,1369
14221.0,1370
14222.0,1371
14223.0,1372
14224.0,1373
14226.0,1374
14227.0,1375
14229.0,1376
14231.0,1377
14232.0,1378
14233.0,1379
14234.0,1380
14235.0,1381
14236.0,1382
14237.0,1383
14238.0,1384
14239.0,1385
14240.0,1386
14241.0,1387
14242.0,1388
14243.0,1389
14245.0,1390
14246.0,1391
14247.0,1392
14248.0,1393
14250.0,1394
14251.0,1395
14256.0,1396
14257.0,1397
14258.0,1398
14259.0,1399
14261.0,1400
14262.0,1401
14264.0,1402
14265.0,1403
14267.0,1404
14270.0,1405
14271.0,1406
14272.0,1407
14273.0,1408
14276.0,1409
14277.0,1410
14280.0,1411
14282.0,1412
14284.0,1413
14285.0,1414
14286.0,1415
14287.0,1416
14288.0,1417
14289.0,1418
14290.0,1419
14291.0,1420
14292.0,1421
14293.0,1422
14295.0,1423
14297.0,1424
14298.0,1425
14299.0,1426
14300.0,1427
14301.0,1428
14304.0,1429
14305.0,1430
14306.0,1431
14307.0,1432
14309.0,1433
14311.0,1434
14312.0,1435
14314.0,1436
14315.0,1437
14317.0,1438
14320.0,1439
14321.0,1440
14323.0,1441
14326.0,1442
14327.0,1443
14329.0,1444
14331.0,1445
14332.0,1446
14333.0,1447
14334.0,1448
14335.0,1449
14336.0,1450
14338.0,1451
14339.0,1452
14340.0,1453
14341.0,1454
14342.0,1455
14344.0,1456
14345.0,1457
14346.0,1458
14348.0,1459
14349.0,1460
14350.0,1461
14351.0,1462
14352.0,1463
14353.0,1464
14354.0,1465
14355.0,1466
14356.0,1467
14357.0,1468
14359.0,1469
14360.0,1470
14362.0,1471
14364.0,1472
14367.0,1473
14368.0,1474
14371.0,1475
14373.0,1476
14375.0,1477
14377.0,1478
14379.0,1479
14381.0,1480
14383.0,1481
14385.0,1482
14386.0,1483
14387.0,1484
14388.0,1485
14389.0,1486
14390.0,1487
14393.0,1488
14395.0,1489
14396.0,1490
14397.0,1491
14400.0,1492
14401.0,1493
14403.0,1494
14404.0,1495
14406.0,1496
14407.0,1497
14408.0,1498
14409.0,1499
14410.0,1500
14411.0,1501
14412.0,1502
14413.0,1503
14414.0,1504
14415.0,1505
14416.0,1506
14418.0,1507
14419.0,1508
14420.0,1509
14421.0,1510
14422.0,1511
14423.0,1512
14424.0,1513
14426.0,1514
14427.0,1515
14428.0,1516
14431.0,1517
14432.0,1518
14434.0,1519
14436.0,1520
14437.0,1521
14438.0,1522
14439.0,1523
14440.0,1524
14441.0,1525
14442.0,1526
14443.0,1527
14446.0,1528
14447.0,1529
14448.0,1530
14449.0,1531
14450.0,1532
14451.0,1533
14452.0,1534
14453.0,1535
14456.0,1536
14457.0,1537
14459.0,1538
14460.0,1539
14461.0,1540
14462.0,1541
14463.0,1542
14465.0,1543
14466.0,1544
14467.0,1545
14470.0,1546
14472.0,1547
14473.0,1548
14474.0,1549
14475.0,1550
14476.0,1551
14477.0,1552
14479.0,1553
14480.0,1554
14481.0,1555
14482.0,1556
14483.0,1557
14484.0,1558
14485.0,1559
14487.0,1560
14488.0,1561
14489.0,1562
14491.0,1563
14493.0,1564
14494.0,1565
14495.0,1566
14496.0,1567
14497.0,1568
14498.0,1569
14499.0,1570
14500.0,1571
14501.0,1572
14502.0,1573
14503.0,1574
14504.0,1575
14505.0,1576
14506.0,1577
14507.0,1578
14508.0,1579
14511.0,1580
14512.0,1581
14513.0,1582
14514.0,1583
14515.0,1584
14517.0,1585
14518.0,1586
14520.0,1587
14522.0,1588
14523.0,1589
14524.0,1590
14525.0,1591
14527.0,1592
14528.0,1593
14529.0,1594
14530.0,1595
14532.0,1596
14533.0,1597
14534.0,1598
14535.0,1599
14536.0,1600
14537.0,1601
14538.0,1602
14539.0,1603
14540.0,1604
14541.0,1605
14542.0,1606
14543.0,1607
14544.0,1608
14546.0,1609
14547.0,1610
14548.0,1611
14549.0,1612
14550.0,1613
14551.0,1614
14552.0,1615
14553.0,1616
14554.0,1617
14555.0,1618
14557.0,1619
14560.0,1620
14561.0,1621
14562.0,1622
14565.0,1623
14566.0,1624
14567.0,1625
14569.0,1626
14570.0,1627
14572.0,1628
14573.0,1629
14576.0,1630
14577.0,1631
14578.0,1632
14581.0,1633
14582.0,1634
14583.0,1635
14584.0,1636
14585.0,1637
14586.0,1638
14587.0,1639
14589.0,1640
14591.0,1641
14592.0,1642
14593.0,1643
14594.0,1644
14595.0,1645
14597.0,1646
14598.0,1647
14600.0,1648
14601.0,1649
14603.0,1650
14606.0,1651
14607.0,1652
14608.0,1653
14609.0,1654
14616.0,1655
14618.0,1656
14619.0,1657
14620.0,1658
14621.0,1659
14622.0,1660
14623.0,1661
14624.0,1662
14625.0,1663
14626.0,1664
14628.0,1665
14629.0,1666
14631.0,1667
14632.0,1668
14633.0,1669
14636.0,1670
14638.0,1671
14639.0,1672
14640.0,1673
14641.0,1674
14642.0,1675
14643.0,1676
14644.0,1677
14645.0,1678
14646.0,1679
14647.0,1680
14649.0,1681
14651.0,1682
14652.0,1683
14653.0,1684
14655.0,1685
14656.0,1686
14657.0,1687
14658.0,1688
14659.0,1689
14660.0,1690
14661.0,1691
14662.0,1692
14664.0,1693
14665.0,1694
14666.0,1695
14667.0,1696
14669.0,1697
14670.0,1698
14672.0,1699
14673.0,1700
14676.0,1701
14680.0,1702
14681.0,1703
14682.0,1704
14684.0,1705
14687.0,1706
14688.0,1707
14689.0,1708
14690.0,1709
14691.0,1710
14692.0,1711
14693.0,1712
14696.0,1713
14697.0,1714
14698.0,1715
14699.0,1716
14700.0,1717
14701.0,1718
14702.0,1719
14703.0,1720
14704.0,1721
14705.0,1722
14708.0,1723
14709.0,1724
14710.0,1725
14711.0,1726
14712.0,1727
14713.0,1728
14714.0,1729
14715.0,1730
14716.0,1731
14719.0,1732
14720.0,1733
14722.0,1734
14723.0,1735
14725.0,1736
14727.0,1737
14729.0,1738
14730.0,1739
14731.0,1740
14732.0,1741
14733.0,1742
14735.0,1743
14737.0,1744
14738.0,1745
14739.0,1746
14740.0,1747
14741.0,1748
14744.0,1749
14745.0,1750
14747.0,1751
14748.0,1752
14752.0,1753
14753.0,1754
14754.0,1755
14755.0,1756
14756.0,1757
14757.0,1758
14758.0,1759
14759.0,1760
14760.0,1761
14761.0,1762
14762.0,1763
14764.0,1764
14765.0,1765
14766.0,1766
14768.0,1767
14769.0,1768
14770.0,1769
14772.0,1770
14775.0,1771
14776.0,1772
14778.0,1773
14779.0,1774
14780.0,1775
14782.0,1776
14784.0,1777
14785.0,1778
14788.0,1779
14789.0,1780
14790.0,1781
14792.0,1782
14793.0,1783
14794.0,1784
14795.0,1785
14796.0,1786
14798.0,1787
14799.0,1788
14800.0,1789
14801.0,1790
14803.0,1791
14804.0,1792
14805.0,1793
14806.0,1794
14808.0,1795
14810.0,1796
14813.0,1797
14815.0,1798
14816.0,1799
14817.0,1800
14818.0,1801
14819.0,1802
14820.0,1803
14821.0,1804
14823.0,1805
14824.0,1806
14825.0,1807
14828.0,1808
14829.0,1809
14830.0,1810
14834.0,1811
14836.0,1812
14837.0,1813
14840.0,1814
14841.0,1815
14842.0,1816
14844.0,1817
14847.0,1818
14849.0,1819
14850.0,1820
14851.0,1821
14852.0,1822
14853.0,1823
14854.0,1824
14855.0,1825
14856.0,1826
14857.0,1827
14859.0,1828
14860.0,1829
14861.0,1830
14862.0,1831
14863.0,1832
14865.0,1833
14866.0,1834
14867.0,1835
14868.0,1836
14869.0,1837
14870.0,1838
14871.0,1839
14873.0,1840
14875.0,1841
14878.0,1842
14880.0,1843
14881.0,1844
14882.0,1845
14883.0,1846
14885.0,1847
14886.0,1848
14887.0,1849
14888.0,1850
14889.0,1851
14890.0,1852
14891.0,1853
14893.0,1854
14894.0,1855
14895.0,1856
14896.0,1857
14897.0,1858
14898.0,1859
14901.0,1860
14902.0,1861
14903.0,1862
14904.0,1863
14905.0,1864
14907.0,1865
14908.0,1866
14910.0,1867
14911.0,1868
14912.0,1869
14913.0,1870
14915.0,1871
14916.0,1872
14918.0,1873
14920.0,1874
14921.0,1875
14923.0,1876
14924.0,1877
14929.0,1878
14930.0,1879
14931.0,1880
14932.0,1881
14934.0,1882
14935.0,1883
14936.0,1884
14937.0,1885
14944.0,1886
14946.0,1887
14947.0,1888
14948.0,1889
14950.0,1890
14951.0,1891
14952.0,1892
14953.0,1893
14954.0,1894
14957.0,1895
14958.0,1896
14959.0,1897
14960.0,1898
14961.0,1899
14962.0,1900
14963.0,1901
14964.0,1902
14965.0,1903
14966.0,1904
14967.0,1905
14968.0,1906
14970.0,1907
14971.0,1908
14972.0,1909
14973.0,1910
14974.0,1911
14975.0,1912
14976.0,1913
14978.0,1914
14981.0,1915
14984.0,1916
14985.0,1917
14987.0,1918
14988.0,1919
14995.0,1920
14997.0,1921
14998.0,1922
15000.0,1923
15002.0,1924
15005.0,1925
15007.0,1926
15009.0,1927
15010.0,1928
15012.0,1929
15014.0,1930
15016.0,1931
15017.0,1932
15018.0,1933
15019.0,1934
15021.0,1935
15022.0,1936
15023.0,1937
15024.0,1938
15025.0,1939
15026.0,1940
15027.0,1941
15028.0,1942
15030.0,1943
15031.0,1944
15032.0,1945
15033.0,1946
15034.0,1947
15035.0,1948
15036.0,1949
15038.0,1950
15039.0,1951
15041.0,1952
15042.0,1953
15043.0,1954
15044.0,1955
15045.0,1956
15046.0,1957
15047.0,1958
15048.0,1959
15049.0,1960
15050.0,1961
15051.0,1962
15052.0,1963
15053.0,1964
15054.0,1965
15057.0,1966
15058.0,1967
15059.0,1968
15060.0,1969
15061.0,1970
15062.0,1971
15063.0,1972
15065.0,1973
15066.0,1974
15067.0,1975
15068.0,1976
15069.0,1977
15070.0,1978
15071.0,1979
15073.0,1980
15074.0,1981
15075.0,1982
15076.0,1983
15078.0,1984
15079.0,1985
15081.0,1986
15083.0,1987
15087.0,1988
15088.0,1989
15089.0,1990
15090.0,1991
15091.0,1992
15092.0,1993
15093.0,1994
15095.0,1995
15096.0,1996
15097.0,1997
15098.0,1998
15099.0,1999
15100.0,2000
15101.0,2001
15103.0,2002
15104.0,2003
15105.0,2004
15106.0,2005
15107.0,2006
15108.0,2007
15109.0,2008
15110.0,2009
15111.0,2010
15113.0,2011
15114.0,2012
15115.0,2013
15116.0,2014
15117.0,2015
15118.0,2016
15119.0,2017
15120.0,2018
15121.0,2019
15122.0,2020
15123.0,2021
15124.0,2022
15125.0,2023
15127.0,2024
15128.0,2025
15129.0,2026
15130.0,2027
15132.0,2028
15133.0,2029
15134.0,2030
15135.0,2031
15136.0,2032
15139.0,2033
15140.0,2034
15142.0,2035
15143.0,2036
15144.0,2037
15145.0,2038
15146.0,2039
15147.0,2040
15148.0,2041
15149.0,2042
15150.0,2043
15152.0,2044
15153.0,2045
15154.0,2046
15156.0,2047
15157.0,2048
15158.0,2049
15159.0,2050
15160.0,2051
15163.0,2052
15164.0,2053
15165.0,2054
15167.0,2055
15168.0,2056
15171.0,2057
15172.0,2058
15174.0,2059
15175.0,2060
15178.0,2061
15179.0,2062
15180.0,2063
15181.0,2064
15182.0,2065
15184.0,2066
15185.0,2067
15186.0,2068
15187.0,2069
15189.0,2070
15192.0,2071
15193.0,2072
15194.0,2073
15195.0,2074
15197.0,2075
15198.0,2076
15199.0,2077
15201.0,2078
15203.0,2079
15204.0,2080
15205.0,2081
15206.0,2082
15208.0,2083
15210.0,2084
15211.0,2085
15212.0,2086
15213.0,2087
15214.0,2088
15215.0,2089
15216.0,2090
15218.0,2091
15219.0,2092
15220.0,2093
15221.0,2094
15222.0,2095
15223.0,2096
15224.0,2097
15225.0,2098
15226.0,2099
15227.0,2100
15228.0,2101
15230.0,2102
15232.0,2103
15234.0,2104
15235.0,2105
15236.0,2106
15237.0,2107
15238.0,2108
15239.0,2109
15240.0,2110
15241.0,2111
15243.0,2112
15244.0,2113
15245.0,2114
15246.0,2115
15247.0,2116
15249.0,2117
15251.0,2118
15252.0,2119
15253.0,2120
15254.0,2121
15255.0,2122
15256.0,2123
15257.0,2124
15258.0,2125
15260.0,2126
15261.0,2127
15262.0,2128
15263.0,2129
15264.0,2130
15265.0,2131
15266.0,2132
15267.0,2133
15269.0,2134
15270.0,2135
15271.0,2136
15272.0,2137
15274.0,2138
15275.0,2139
15276.0,2140
15277.0,2141
15279.0,2142
15280.0,2143
15281.0,2144
15286.0,2145
15287.0,2146
15288.0,2147
15289.0,2148
15290.0,2149
15291.0,2150
15292.0,2151
15296.0,2152
15297.0,2153
15298.0,2154
15299.0,2155
15300.0,2156
15301.0,2157
15303.0,2158
15304.0,2159
15306.0,2160
15307.0,2161
15308.0,2162
15311.0,2163
15312.0,2164
15313.0,2165
15314.0,2166
15315.0,2167
15316.0,2168
15318.0,2169
15319.0,2170
15320.0,2171
15321.0,2172
15322.0,2173
15325.0,2174
15326.0,2175
15327.0,2176
15329.0,2177
15330.0,2178
15332.0,2179
15333.0,2180
15334.0,2181
15335.0,2182
15339.0,2183
15341.0,2184
15342.0,2185
15343.0,2186
15344.0,2187
15345.0,2188
15346.0,2189
15347.0,2190
15348.0,2191
15349.0,2192
15350.0,2193
15351.0,2194
15353.0,2195
15355.0,2196
15356.0,2197
15358.0,2198
15360.0,2199
15361.0,2200
15363.0,2201
15364.0,2202
15365.0,2203
15366.0,2204
15367.0,2205
15368.0,2206
15370.0,2207
15372.0,2208
15373.0,2209
15374.0,2210
15376.0,2211
15379.0,2212
15380.0,2213
15381.0,2214
15382.0,2215
15384.0,2216
15385.0,2217
15386.0,2218
15388.0,2219
15389.0,2220
15392.0,2221
15393.0,2222
15394.0,2223
15395.0,2224
15396.0,2225
15397.0,2226
15398.0,2227
15399.0,2228
15400.0,2229
15402.0,2230
15405.0,2231
15406.0,2232
15407.0,2233
15408.0,2234
15410.0,2235
15411.0,2236
15412.0,2237
15414.0,2238
15415.0,2239
15416.0,2240
15417.0,2241
15419.0,2242
15421.0,2243
15422.0,2244
15423.0,2245
15424.0,2246
15426.0,2247
15427.0,2248
15428.0,2249
15429.0,2250
15432.0,2251
15433.0,2252
15434.0,2253
15435.0,2254
15436.0,2255
15437.0,2256
15438.0,2257
15440.0,2258
15442.0,2259
15443.0,2260
15444.0,2261
15445.0,2262
15447.0,2263
15448.0,2264
15449.0,2265
15450.0,2266
15452.0,2267
15453.0,2268
15454.0,2269
15456.0,2270
15457.0,2271
15458.0,2272
15460.0,2273
15462.0,2274
15463.0,2275
15465.0,2276
15466.0,2277
15467.0,2278
15468.0,2279
15469.0,2280
15471.0,2281
15472.0,2282
15473.0,2283
15475.0,2284
15478.0,2285
15480.0,2286
15482.0,2287
15483.0,2288
15484.0,2289
15485.0,2290
15488.0,2291
15489.0,2292
15491.0,2293
15492.0,2294
15493.0,2295
15494.0,2296
15497.0,2297
15498.0,2298
15500.0,2299
15502.0,2300
15503.0,2301
15504.0,2302
15505.0,2303
15506.0,2304
15507.0,2305
15508.0,2306
15510.0,2307
15511.0,2308
15512.0,2309
15513.0,2310
15514.0,2311
15516.0,2312
15517.0,2313
15518.0,2314
15520.0,2315
15521.0,2316
15522.0,2317
15523.0,2318
15524.0,2319
15525.0,2320
15526.0,2321
15527.0,2322
15528.0,2323
15529.0,2324
15530.0,2325
15531.0,2326
15532.0,2327
15533.0,2328
15535.0,2329
15537.0,2330
15539.0,2331
15540.0,2332
15541.0,2333
15543.0,2334
15544.0,2335
15545.0,2336
15547.0,2337
15549.0,2338
15550.0,2339
15551.0,2340
15552.0,2341
15553.0,2342
15554.0,2343
15555.0,2344
15556.0,2345
15557.0,2346
15561.0,2347
15562.0,2348
15563.0,2349
15565.0,2350
15567.0,2351
15568.0,2352
15569.0,2353
15570.0,2354
15571.0,2355
15572.0,2356
15573.0,2357
15574.0,2358
15576.0,2359
15577.0,2360
15578.0,2361
15579.0,2362
15581.0,2363
15582.0,2364
15584.0,2365
15585.0,2366
15587.0,2367
15589.0,2368
15592.0,2369
15593.0,2370
15594.0,2371
15596.0,2372
15597.0,2373
15598.0,2374
15599.0,2375
15601.0,2376
15602.0,2377
15603.0,2378
15604.0,2379
15605.0,2380
15606.0,2381
15607.0,2382
15608.0,2383
15609.0,2384
15610.0,2385
15611.0,2386
15612.0,2387
15615.0,2388
15618.0,2389
15619.0,2390
15620.0,2391
15621.0,2392
15622.0,2393
15623.0,2394
15624.0,2395
15625.0,2396
15626.0,2397
15628.0,2398
15630.0,2399
15632.0,2400
15634.0,2401
15636.0,2402
15637.0,2403
15639.0,2404
15640.0,2405
15641.0,2406
15643.0,2407
15644.0,2408
15645.0,2409
15646.0,2410
15648.0,2411
15649.0,2412
15651.0,2413
15652.0,2414
15653.0,2415
15654.0,2416
15655.0,2417
15656.0,2418
15657.0,2419
15658.0,2420
15659.0,2421
15660.0,2422
15661.0,2423
15663.0,2424
15664.0,2425
15665.0,2426
15667.0,2427
15668.0,2428
15669.0,2429
15670.0,2430
15671.0,2431
15673.0,2432
15674.0,2433
15675.0,2434
15676.0,2435
15677.0,2436
15678.0,2437
15679.0,2438
15680.0,2439
15681.0,2440
15683.0,2441
15687.0,2442
15689.0,2443
15690.0,2444
15691.0,2445
15692.0,2446
15694.0,2447
15695.0,2448
15696.0,2449
15699.0,2450
15700.0,2451
15701.0,2452
15703.0,2453
15704.0,2454
15705.0,2455
15706.0,2456
15707.0,2457
15708.0,2458
15709.0,2459
15712.0,2460
15713.0,2461
15714.0,2462
15716.0,2463
15717.0,2464
15719.0,2465
15721.0,2466
15722.0,2467
15723.0,2468
15724.0,2469
15725.0,2470
15727.0,2471
15729.0,2472
15730.0,2473
15732.0,2474
15733.0,2475
15734.0,2476
15737.0,2477
15738.0,2478
15739.0,2479
15740.0,2480
15743.0,2481
15744.0,2482
15745.0,2483
15746.0,2484
15747.0,2485
15748.0,2486
15749.0,2487
15750.0,2488
15752.0,2489
15753.0,2490
15754.0,2491
15755.0,2492
15756.0,2493
15757.0,2494
15758.0,2495
15759.0,2496
15762.0,2497
15763.0,2498
15764.0,2499
15766.0,2500
15768.0,2501
15769.0,2502
15773.0,2503
15774.0,2504
15775.0,2505
15776.0,2506
15777.0,2507
15780.0,2508
15781.0,2509
15782.0,2510
15783.0,2511
15785.0,2512
15786.0,2513
15787.0,2514
15789.0,2515
15790.0,2516
15791.0,2517
15793.0,2518
15795.0,2519
15796.0,2520
15797.0,2521
15799.0,2522
15800.0,2523
15801.0,2524
15803.0,2525
15804.0,2526
15805.0,2527
15806.0,2528
15807.0,2529
15808.0,2530
15809.0,2531
15810.0,2532
15811.0,2533
15812.0,2534
15813.0,2535
15814.0,2536
15815.0,2537
15819.0,2538
15820.0,2539
15821.0,2540
15822.0,2541
15825.0,2542
15826.0,2543
15827.0,2544
15829.0,2545
15830.0,2546
15831.0,2547
15832.0,2548
15834.0,2549
15835.0,2550
15836.0,2551
15837.0,2552
15838.0,2553
15839.0,2554
15840.0,2555
15841.0,2556
15843.0,2557
15844.0,2558
15845.0,2559
15847.0,2560
15850.0,2561
15852.0,2562
15853.0,2563
15854.0,2564
15855.0,2565
15856.0,2566
15857.0,2567
15858.0,2568
15860.0,2569
15861.0,2570
15862.0,2571
15863.0,2572
15864.0,2573
15865.0,2574
15866.0,2575
15867.0,2576
15869.0,2577
15870.0,2578
15872.0,2579
15874.0,2580
15877.0,2581
15881.0,2582
15882.0,2583
15883.0,2584
15885.0,2585
15886.0,2586
15888.0,2587
15889.0,2588
15891.0,2589
15894.0,2590
15895.0,2591
15897.0,2592
15898.0,2593
15899.0,2594
15900.0,2595
15901.0,2596
15903.0,2597
15904.0,2598
15906.0,2599
15907.0,2600
15909.0,2601
15910.0,2602
15912.0,2603
15916.0,2604
15917.0,2605
15918.0,2606
15919.0,2607
15920.0,2608
15921.0,2609
15922.0,2610
15923.0,2611
15925.0,2612
15930.0,2613
15932.0,2614
15933.0,2615
15935.0,2616
15937.0,2617
15938.0,2618
15939.0,2619
15940.0,2620
15942.0,2621
15944.0,2622
15945.0,2623
15947.0,2624
15948.0,2625
15949.0,2626
15950.0,2627
15951.0,2628
15952.0,2629
15953.0,2630
15955.0,2631
15957.0,2632
15958.0,2633
15963.0,2634
15965.0,2635
15967.0,2636
15969.0,2637
15970.0,2638
15971.0,2639
15973.0,2640
15974.0,2641
15975.0,2642
15976.0,2643
15977.0,2644
15978.0,2645
15980.0,2646
15981.0,2647
15983.0,2648
15984.0,2649
15985.0,2650
15986.0,2651
15987.0,2652
15988.0,2653
15990.0,2654
15992.0,2655
15993.0,2656
15994.0,2657
15996.0,2658
15998.0,2659
16000.0,2660
16003.0,2661
16005.0,2662
16006.0,2663
16007.0,2664
16008.0,2665
16009.0,2666
16010.0,2667
16011.0,2668
16012.0,2669
16013.0,2670
16014.0,2671
16015.0,2672
16016.0,2673
16017.0,2674
16018.0,2675
16019.0,2676
16020.0,2677
16022.0,2678
16023.0,2679
16024.0,2680
16025.0,2681
16026.0,2682
16027.0,2683
16029.0,2684
16030.0,2685
16031.0,2686
16033.0,2687
16034.0,2688
16036.0,2689
16037.0,2690
16038.0,2691
16040.0,2692
16041.0,2693
16042.0,2694
16043.0,2695
16045.0,2696
16048.0,2697
16049.0,2698
16050.0,2699
16052.0,2700
16053.0,2701
16054.0,2702
16055.0,2703
16056.0,2704
16057.0,2705
16059.0,2706
16062.0,2707
16063.0,2708
16065.0,2709
16066.0,2710
16070.0,2711
16071.0,2712
16072.0,2713
16073.0,2714
16076.0,2715
16078.0,2716
16079.0,2717
16080.0,2718
16081.0,2719
16083.0,2720
16084.0,2721
16085.0,2722
16086.0,2723
16091.0,2724
16092.0,2725
16093.0,2726
16094.0,2727
16096.0,2728
16097.0,2729
16098.0,2730
16099.0,2731
16101.0,2732
16102.0,2733
16103.0,2734
16104.0,2735
16105.0,2736
16106.0,2737
16107.0,2738
16108.0,2739
16109.0,2740
16110.0,2741
16112.0,2742
16113.0,2743
16114.0,2744
16115.0,2745
16116.0,2746
16117.0,2747
16119.0,2748
16120.0,2749
16121.0,2750
16122.0,2751
16123.0,2752
16124.0,2753
16125.0,2754
16126.0,2755
16127.0,2756
16128.0,2757
16131.0,2758
16133.0,2759
16134.0,2760
16135.0,2761
16136.0,2762
16139.0,2763
16140.0,2764
16141.0,2765
16142.0,2766
16143.0,2767
16144.0,2768
16145.0,2769
16146.0,2770
16147.0,2771
16148.0,2772
16149.0,2773
16150.0,2774
16152.0,2775
16153.0,2776
16156.0,2777
16157.0,2778
16159.0,2779
16160.0,2780
16161.0,2781
16162.0,2782
16163.0,2783
16164.0,2784
16168.0,2785
16169.0,2786
16170.0,2787
16171.0,2788
16172.0,2789
16173.0,2790
16174.0,2791
16175.0,2792
16177.0,2793
16178.0,2794
16179.0,2795
16180.0,2796
16181.0,2797
16182.0,2798
16183.0,2799
16184.0,2800
16185.0,2801
16186.0,2802
16187.0,2803
16188.0,2804
16189.0,2805
16190.0,2806
16191.0,2807
16193.0,2808
16198.0,2809
16200.0,2810
16201.0,2811
16202.0,2812
16203.0,2813
16204.0,2814
16205.0,2815
16206.0,2816
16207.0,2817
16208.0,2818
16209.0,2819
16210.0,2820
16211.0,2821
16212.0,2822
16213.0,2823
16214.0,2824
16215.0,2825
16216.0,2826
16217.0,2827
16218.0,2828
16221.0,2829
16224.0,2830
16225.0,2831
16226.0,2832
16227.0,2833
16229.0,2834
16230.0,2835
16232.0,2836
16233.0,2837
16235.0,2838
16236.0,2839
16239.0,2840
16240.0,2841
16241.0,2842
16242.0,2843
16243.0,2844
16244.0,2845
16245.0,2846
16247.0,2847
16248.0,2848
16249.0,2849
16250.0,2850
16253.0,2851
16255.0,2852
16256.0,2853
16257.0,2854
16258.0,2855
16260.0,2856
16261.0,2857
16265.0,2858
16266.0,2859
16268.0,2860
16270.0,2861
16271.0,2862
16272.0,2863
16274.0,2864
16275.0,2865
16276.0,2866
16278.0,2867
16279.0,2868
16281.0,2869
16282.0,2870
16283.0,2871
16284.0,2872
16287.0,2873
16292.0,2874
16293.0,2875
16295.0,2876
16297.0,2877
16298.0,2878
16302.0,2879
16303.0,2880
16305.0,2881
16306.0,2882
16308.0,2883
16309.0,2884
16311.0,2885
16313.0,2886
16315.0,2887
16316.0,2888
16317.0,2889
16318.0,2890
16319.0,2891
16320.0,2892
16321.0,2893
16322.0,2894
16323.0,2895
16324.0,2896
16325.0,2897
16326.0,2898
16327.0,2899
16330.0,2900
16332.0,2901
16333.0,2902
16337.0,2903
16338.0,2904
16339.0,2905
16341.0,2906
16342.0,2907
16343.0,2908
16344.0,2909
16345.0,2910
16347.0,2911
16348.0,2912
16349.0,2913
16350.0,2914
16351.0,2915
16352.0,2916
16353.0,2917
16354.0,2918
16356.0,2919
16357.0,2920
16358.0,2921
16359.0,2922
16360.0,2923
16361.0,2924
16362.0,2925
16363.0,2926
16364.0,2927
16365.0,2928
16366.0,2929
16367.0,2930
16368.0,2931
16369.0,2932
16370.0,2933
16372.0,2934
16374.0,2935
16376.0,2936
16377.0,2937
16378.0,2938
16379.0,2939
16380.0,2940
16383.0,2941
16384.0,2942
16385.0,2943
16386.0,2944
16387.0,2945
16389.0,2946
16392.0,2947
16393.0,2948
16394.0,2949
16395.0,2950
16398.0,2951
16399.0,2952
16400.0,2953
16401.0,2954
16402.0,2955
16403.0,2956
16404.0,2957
16405.0,2958
16406.0,2959
16407.0,2960
16409.0,2961
16411.0,2962
16412.0,2963
16413.0,2964
16414.0,2965
16415.0,2966
16416.0,2967
16418.0,2968
16419.0,2969
16422.0,2970
16423.0,2971
16424.0,2972
16425.0,2973
16426.0,2974
16427.0,2975
16429.0,2976
16430.0,2977
16431.0,2978
16432.0,2979
16433.0,2980
16434.0,2981
16438.0,2982
16440.0,2983
16441.0,2984
16442.0,2985
16444.0,2986
16445.0,2987
16446.0,2988
16447.0,2989
16448.0,2990
16449.0,2991
16450.0,2992
16451.0,2993
16454.0,2994
16455.0,2995
16456.0,2996
16457.0,2997
16458.0,2998
16460.0,2999
16461.0,3000
16462.0,3001
16463.0,3002
16464.0,3003
16466.0,3004
16468.0,3005
16469.0,3006
16470.0,3007
16471.0,3008
16473.0,3009
16474.0,3010
16475.0,3011
16477.0,3012
16478.0,3013
16479.0,3014
16480.0,3015
16482.0,3016
16483.0,3017
16484.0,3018
16485.0,3019
16488.0,3020
16491.0,3021
16493.0,3022
16494.0,3023
16495.0,3024
16496.0,3025
16497.0,3026
16498.0,3027
16499.0,3028
16500.0,3029
16503.0,3030
16504.0,3031
16505.0,3032
16506.0,3033
16509.0,3034
16510.0,3035
16511.0,3036
16513.0,3037
16515.0,3038
16516.0,3039
16517.0,3040
16518.0,3041
16519.0,3042
16520.0,3043
16523.0,3044
16525.0,3045
16526.0,3046
16527.0,3047
16528.0,3048
16529.0,3049
16531.0,3050
16532.0,3051
16533.0,3052
16535.0,3053
16536.0,3054
16539.0,3055
16542.0,3056
16545.0,3057
16546.0,3058
16549.0,3059
16550.0,3060
16551.0,3061
16552.0,3062
16553.0,3063
16554.0,3064
16555.0,3065
16556.0,3066
16557.0,3067
16558.0,3068
16560.0,3069
16561.0,3070
16563.0,3071
16565.0,3072
16566.0,3073
16567.0,3074
16569.0,3075
16570.0,3076
16571.0,3077
16572.0,3078
16573.0,3079
16574.0,3080
16581.0,3081
16582.0,3082
16583.0,3083
16584.0,3084
16586.0,3085
16587.0,3086
16589.0,3087
16591.0,3088
16592.0,3089
16593.0,3090
16594.0,3091
16595.0,3092
16596.0,3093
16597.0,3094
16598.0,3095
16600.0,3096
16601.0,3097
16602.0,3098
16603.0,3099
16607.0,3100
16609.0,3101
16610.0,3102
16611.0,3103
16612.0,3104
16613.0,3105
16614.0,3106
16616.0,3107
16617.0,3108
16618.0,3109
16619.0,3110
16620.0,3111
16621.0,3112
16623.0,3113
16624.0,3114
16625.0,3115
16626.0,3116
16627.0,3117
16628.0,3118
16629.0,3119
16633.0,3120
16634.0,3121
16637.0,3122
16638.0,3123
16639.0,3124
16641.0,3125
16642.0,3126
16643.0,3127
16644.0,3128
16647.0,3129
16648.0,3130
16650.0,3131
16652.0,3132
16653.0,3133
16654.0,3134
16655.0,3135
16656.0,3136
16657.0,3137
16658.0,3138
16659.0,3139
16660.0,3140
16665.0,3141
16666.0,3142
16667.0,3143
16668.0,3144
16669.0,3145
16670.0,3146
16671.0,3147
16672.0,3148
16674.0,3149
16676.0,3150
16678.0,3151
16679.0,3152
16680.0,3153
16681.0,3154
16682.0,3155
16684.0,3156
16685.0,3157
16686.0,3158
16688.0,3159
16689.0,3160
16690.0,3161
16692.0,3162
16693.0,3163
16696.0,3164
16697.0,3165
16698.0,3166
16700.0,3167
16701.0,3168
16705.0,3169
16706.0,3170
16708.0,3171
16709.0,3172
16710.0,3173
16711.0,3174
16712.0,3175
16713.0,3176
16714.0,3177
16715.0,3178
16716.0,3179
16717.0,3180
16718.0,3181
16719.0,3182
16720.0,3183
16721.0,3184
16722.0,3185
16723.0,3186
16725.0,3187
16726.0,3188
16727.0,3189
16728.0,3190
16729.0,3191
16730.0,3192
16732.0,3193
16734.0,3194
16735.0,3195
16737.0,3196
16738.0,3197
16739.0,3198
16743.0,3199
16744.0,3200
16745.0,3201
16746.0,3202
16747.0,3203
16748.0,3204
16750.0,3205
16751.0,3206
16752.0,3207
16753.0,3208
16754.0,3209
16755.0,3210
16756.0,3211
16757.0,3212
16758.0,3213
16759.0,3214
16761.0,3215
16762.0,3216
16763.0,3217
16764.0,3218
16765.0,3219
16766.0,3220
16767.0,3221
16768.0,3222
16769.0,3223
16770.0,3224
16771.0,3225
16773.0,3226
16774.0,3227
16775.0,3228
16776.0,3229
16777.0,3230
16778.0,3231
16779.0,3232
16780.0,3233
16781.0,3234
16782.0,3235
16784.0,3236
16788.0,3237
16789.0,3238
16790.0,3239
16791.0,3240
16792.0,3241
16793.0,3242
16794.0,3243
16795.0,3244
16796.0,3245
16801.0,3246
16803.0,3247
16804.0,3248
16805.0,3249
16806.0,3250
16807.0,3251
16808.0,3252
16809.0,3253
16810.0,3254
16811.0,3255
16812.0,3256
16813.0,3257
16814.0,3258
16816.0,3259
16817.0,3260
16818.0,3261
16820.0,3262
16823.0,3263
16824.0,3264
16825.0,3265
16826.0,3266
16828.0,3267
16829.0,3268
16830.0,3269
16832.0,3270
16833.0,3271
16834.0,3272
16835.0,3273
16836.0,3274
16837.0,3275
16838.0,3276
16839.0,3277
16841.0,3278
16842.0,3279
16843.0,3280
16846.0,3281
16847.0,3282
16848.0,3283
16849.0,3284
16850.0,3285
16851.0,3286
16852.0,3287
16855.0,3288
16856.0,3289
16858.0,3290
16859.0,3291
16861.0,3292
16863.0,3293
16866.0,3294
16869.0,3295
16871.0,3296
16872.0,3297
16873.0,3298
16875.0,3299
16877.0,3300
16878.0,3301
16880.0,3302
16881.0,3303
16882.0,3304
16883.0,3305
16884.0,3306
16885.0,3307
16887.0,3308
16889.0,3309
16891.0,3310
16892.0,3311
16893.0,3312
16895.0,3313
16897.0,3314
16898.0,3315
16899.0,3316
16900.0,3317
16902.0,3318
16903.0,3319
16904.0,3320
16905.0,3321
16906.0,3322
16907.0,3323
16909.0,3324
16910.0,3325
16912.0,3326
16913.0,3327
16914.0,3328
16915.0,3329
16916.0,3330
16917.0,3331
16918.0,3332
16919.0,3333
16921.0,3334
16923.0,3335
16924.0,3336
16926.0,3337
16927.0,3338
16928.0,3339
16929.0,3340
16930.0,3341
16931.0,3342
16932.0,3343
16933.0,3344
16934.0,3345
16936.0,3346
16938.0,3347
16940.0,3348
16942.0,3349
16943.0,3350
16945.0,3351
16947.0,3352
16948.0,3353
16949.0,3354
16950.0,3355
16951.0,3356
16952.0,3357
16953.0,3358
16954.0,3359
16955.0,3360
16956.0,3361
16957.0,3362
16959.0,3363
16960.0,3364
16961.0,3365
16963.0,3366
16965.0,3367
16966.0,3368
16967.0,3369
16968.0,3370
16969.0,3371
16971.0,3372
16976.0,3373
16978.0,3374
16979.0,3375
16980.0,3376
16982.0,3377
16983.0,3378
16985.0,3379
16986.0,3380
16987.0,3381
16988.0,3382
16989.0,3383
16990.0,3384
16992.0,3385
16996.0,3386
16997.0,3387
16998.0,3388
16999.0,3389
17001.0,3390
17002.0,3391
17004.0,3392
17006.0,3393
17007.0,3394
17010.0,3395
17011.0,3396
17014.0,3397
17015.0,3398
17017.0,3399
17018.0,3400
17019.0,3401
17022.0,3402
17024.0,3403
17025.0,3404
17026.0,3405
17027.0,3406
17029.0,3407
17030.0,3408
17031.0,3409
17033.0,3410
17034.0,3411
17035.0,3412
17037.0,3413
17038.0,3414
17040.0,3415
17041.0,3416
17042.0,3417
17043.0,3418
17044.0,3419
17045.0,3420
17046.0,3421
17047.0,3422
17048.0,3423
17049.0,3424
17050.0,3425
17051.0,3426
17052.0,3427
17053.0,3428
17054.0,3429
17058.0,3430
17059.0,3431
17060.0,3432
17061.0,3433
17062.0,3434
17063.0,3435
17064.0,3436
17068.0,3437
17069.0,3438
17070.0,3439
17071.0,3440
17073.0,3441
17075.0,3442
17076.0,3443
17078.0,3444
17079.0,3445
17080.0,3446
17081.0,3447
17082.0,3448
17083.0,3449
17084.0,3450
17085.0,3451
17086.0,3452
17088.0,3453
17090.0,3454
17091.0,3455
17092.0,3456
17094.0,3457
17095.0,3458
17096.0,3459
17097.0,3460
17100.0,3461
17101.0,3462
17102.0,3463
17105.0,3464
17107.0,3465
17109.0,3466
17110.0,3467
17111.0,3468
17114.0,3469
17115.0,3470
17117.0,3471
17118.0,3472
17119.0,3473
17120.0,3474
17122.0,3475
17123.0,3476
17124.0,3477
17125.0,3478
17126.0,3479
17128.0,3480
17131.0,3481
17133.0,3482
17134.0,3483
17135.0,3484
17138.0,3485
17139.0,3486
17140.0,3487
17142.0,3488
17144.0,3489
17146.0,3490
17147.0,3491
17148.0,3492
17152.0,3493
17153.0,3494
17154.0,3495
17155.0,3496
17157.0,3497
17158.0,3498
17159.0,3499
17160.0,3500
17162.0,3501
17163.0,3502
17164.0,3503
17165.0,3504
17166.0,3505
17169.0,3506
17171.0,3507
17172.0,3508
17173.0,3509
17174.0,3510
17175.0,3511
17176.0,3512
17179.0,3513
17180.0,3514
17181.0,3515
17183.0,3516
17186.0,3517
17187.0,3518
17188.0,3519
17189.0,3520
17190.0,3521
17191.0,3522
17193.0,3523
17194.0,3524
17197.0,3525
17198.0,3526
17201.0,3527
17203.0,3528
17204.0,3529
17205.0,3530
17206.0,3531
17211.0,3532
17212.0,3533
17213.0,3534
17214.0,3535
17217.0,3536
17218.0,3537
17219.0,3538
17220.0,3539
17221.0,3540
17222.0,3541
17223.0,3542
17226.0,3543
17227.0,3544
17228.0,3545
17229.0,3546
17230.0,3547
17231.0,3548
17232.0,3549
17233.0,3550
17234.0,3551
17235.0,3552
17236.0,3553
17237.0,3554
17238.0,3555
17239.0,3556
17242.0,3557
17243.0,3558
17244.0,3559
17245.0,3560
17247.0,3561
17248.0,3562
17250.0,3563
17251.0,3564
17252.0,3565
17253.0,3566
17254.0,3567
17255.0,3568
17256.0,3569
17259.0,3570
17262.0,3571
17263.0,3572
17265.0,3573
17266.0,3574
17267.0,3575
17268.0,3576
17272.0,3577
17274.0,3578
17277.0,3579
17278.0,3580
17279.0,3581
17282.0,3582
17284.0,3583
17286.0,3584
17287.0,3585
17288.0,3586
17289.0,3587
17290.0,3588
17291.0,3589
17293.0,3590
17295.0,3591
17297.0,3592
17298.0,3593
17299.0,3594
17301.0,3595
17302.0,3596
17303.0,3597
17306.0,3598
17309.0,3599
17311.0,3600
17312.0,3601
17313.0,3602
17314.0,3603
17315.0,3604
17317.0,3605
17320.0,3606
17321.0,3607
17323.0,3608
17324.0,3609
17325.0,3610
17329.0,3611
17330.0,3612
17331.0,3613
17333.0,3614
17334.0,3615
17337.0,3616
17338.0,3617
17339.0,3618
17340.0,3619
17341.0,3620
17343.0,3621
17344.0,3622
17345.0,3623
17346.0,3624
17347.0,3625
17348.0,3626
17349.0,3627
17350.0,3628
17351.0,3629
17353.0,3630
17354.0,3631
17356.0,3632
17357.0,3633
17358.0,3634
17359.0,3635
17360.0,3636
17361.0,3637
17362.0,3638
17364.0,3639
17365.0,3640
17367.0,3641
17368.0,3642
17370.0,3643
17371.0,3644
17372.0,3645
17373.0,3646
17374.0,3647
17375.0,3648
17376.0,3649
17377.0,3650
17379.0,3651
17381.0,3652
17382.0,3653
17383.0,3654
17384.0,3655
17385.0,3656
17386.0,3657
17387.0,3658
17388.0,3659
17389.0,3660
17391.0,3661
17392.0,3662
17394.0,3663
17396.0,3664
17397.0,3665
17398.0,3666
17400.0,3667
17402.0,3668
17403.0,3669
17404.0,3670
17405.0,3671
17406.0,3672
17408.0,3673
17409.0,3674
17410.0,3675
17411.0,3676
17412.0,3677
17414.0,3678
17415.0,3679
17416.0,3680
17418.0,3681
17419.0,3682
17420.0,3683
17422.0,3684
17423.0,3685
17425.0,3686
17426.0,3687
17427.0,3688
17428.0,3689
17429.0,3690
17430.0,3691
17431.0,3692
17432.0,3693
17433.0,3694
17434.0,3695
17436.0,3696
17438.0,3697
17440.0,3698
17442.0,3699
17443.0,3700
17444.0,3701
17446.0,3702
17447.0,3703
17449.0,3704
17450.0,3705
17451.0,3706
17453.0,3707
17454.0,3708
17455.0,3709
17456.0,3710
17457.0,3711
17458.0,3712
17459.0,3713
17460.0,3714
17461.0,3715
17462.0,3716
17463.0,3717
17464.0,3718
17466.0,3719
17468.0,3720
17469.0,3721
17470.0,3722
17472.0,3723
17475.0,3724
17480.0,3725
17481.0,3726
17483.0,3727
17486.0,3728
17489.0,3729
17490.0,3730
17491.0,3731
17492.0,3732
17495.0,3733
17496.0,3734
17498.0,3735
17499.0,3736
17500.0,3737
17501.0,3738
17502.0,3739
17503.0,3740
17504.0,3741
17505.0,3742
17506.0,3743
17507.0,3744
17508.0,3745
17509.0,3746
17510.0,3747
17511.0,3748
17512.0,3749
17513.0,3750
17514.0,3751
17515.0,3752
17516.0,3753
17517.0,3754
17519.0,3755
17520.0,3756
17521.0,3757
17522.0,3758
17523.0,3759
17524.0,3760
17525.0,3761
17526.0,3762
17527.0,3763
17528.0,3764
17530.0,3765
17531.0,3766
17534.0,3767
17535.0,3768
17536.0,3769
17537.0,3770
17538.0,3771
17540.0,3772
17542.0,3773
17545.0,3774
17548.0,3775
17549.0,3776
17550.0,3777
17551.0,3778
17552.0,3779
17553.0,3780
17554.0,3781
17555.0,3782
17556.0,3783
17557.0,3784
17560.0,3785
17561.0,3786
17562.0,3787
17564.0,3788
17566.0,3789
17567.0,3790
17569.0,3791
17571.0,3792
17572.0,3793
17573.0,3794
17574.0,3795
17576.0,3796
17578.0,3797
17579.0,3798
17580.0,3799
17581.0,3800
17582.0,3801
17584.0,3802
17585.0,3803
17588.0,3804
17589.0,3805
17590.0,3806
17591.0,3807
17593.0,3808
17594.0,3809
17595.0,3810
17596.0,3811
17597.0,3812
17600.0,3813
17601.0,3814
17602.0,3815
17603.0,3816
17604.0,3817
17608.0,3818
17609.0,3819
17611.0,3820
17612.0,3821
17613.0,3822
17614.0,3823
17615.0,3824
17616.0,3825
17618.0,3826
17619.0,3827
17620.0,3828
17621.0,3829
17623.0,3830
17624.0,3831
17625.0,3832
17628.0,3833
17629.0,3834
17630.0,3835
17631.0,3836
17633.0,3837
17634.0,3838
17636.0,3839
17637.0,3840
17639.0,3841
17640.0,3842
17642.0,3843
17643.0,3844
17644.0,3845
17646.0,3846
17647.0,3847
17648.0,3848
17649.0,3849
17650.0,3850
17651.0,3851
17652.0,3852
17653.0,3853
17654.0,3854
17655.0,3855
17656.0,3856
17658.0,3857
17659.0,3858
17660.0,3859
17663.0,3860
17664.0,3861
17666.0,3862
17667.0,3863
17668.0,3864
17669.0,3865
17670.0,3866
17671.0,3867
17672.0,3868
17673.0,3869
17674.0,3870
17675.0,3871
17676.0,3872
17677.0,3873
17678.0,3874
17679.0,3875
17680.0,3876
17682.0,3877
17684.0,3878
17685.0,3879
17686.0,3880
17690.0,3881
17691.0,3882
17692.0,3883
17693.0,3884
17694.0,3885
17695.0,3886
17696.0,3887
17697.0,3888
17698.0,3889
17700.0,3890
17701.0,3891
17702.0,3892
17703.0,3893
17704.0,3894
17705.0,3895
17706.0,3896
17707.0,3897
17708.0,3898
17709.0,3899
17711.0,3900
17712.0,3901
17714.0,3902
17715.0,3903
17716.0,3904
17718.0,3905
17719.0,3906
17720.0,3907
17722.0,3908
17723.0,3909
17724.0,3910
17725.0,3911
17727.0,3912
17728.0,3913
17730.0,3914
17731.0,3915
17732.0,3916
17733.0,3917
17734.0,3918
17735.0,3919
17736.0,3920
17737.0,3921
17738.0,3922
17739.0,3923
17742.0,3924
17744.0,3925
17746.0,3926
17747.0,3927
17749.0,3928
17750.0,3929
17752.0,3930
17754.0,3931
17757.0,3932
17758.0,3933
17759.0,3934
17760.0,3935
17761.0,3936
17763.0,3937
17764.0,3938
17765.0,3939
17767.0,3940
17768.0,3941
17769.0,3942
17770.0,3943
17771.0,3944
17772.0,3945
17774.0,3946
17775.0,3947
17777.0,3948
17779.0,3949
17781.0,3950
17783.0,3951
17785.0,3952
17786.0,3953
17787.0,3954
17788.0,3955
17789.0,3956
17790.0,3957
17791.0,3958
17793.0,3959
17795.0,3960
17796.0,3961
17797.0,3962
17799.0,3963
17800.0,3964
17802.0,3965
17805.0,3966
17806.0,3967
17809.0,3968
17811.0,3969
17812.0,3970
17813.0,3971
17816.0,3972
17817.0,3973
17819.0,3974
17824.0,3975
17827.0,3976
17828.0,3977
17829.0,3978
17830.0,3979
17831.0,3980
17832.0,3981
17835.0,3982
17836.0,3983
17837.0,3984
17838.0,3985
17839.0,3986
17841.0,3987
17843.0,3988
17844.0,3989
17848.0,3990
17849.0,3991
17850.0,3992
17852.0,3993
17854.0,3994
17855.0,3995
17856.0,3996
17857.0,3997
17858.0,3998
17859.0,3999
17860.0,4000
17861.0,4001
17862.0,4002
17863.0,4003
17864.0,4004
17865.0,4005
17866.0,4006
17867.0,4007
17869.0,4008
17870.0,4009
17871.0,4010
17873.0,4011
17874.0,4012
17877.0,4013
17878.0,4014
17879.0,4015
17880.0,4016
17881.0,4017
17883.0,4018
17884.0,4019
17885.0,4020
17886.0,4021
17887.0,4022
17888.0,4023
17889.0,4024
17890.0,4025
17891.0,4026
17892.0,4027
17893.0,4028
17894.0,4029
17895.0,4030
17896.0,4031
17897.0,4032
17898.0,4033
17899.0,4034
17900.0,4035
17901.0,4036
17904.0,4037
17905.0,4038
17906.0,4039
17908.0,4040
17911.0,4041
17912.0,4042
17913.0,4043
17914.0,4044
17917.0,4045
17919.0,4046
17920.0,4047
17921.0,4048
17923.0,4049
17924.0,4050
17925.0,4051
17926.0,4052
17928.0,4053
17929.0,4054
17930.0,4055
17931.0,4056
17932.0,4057
17934.0,4058
17935.0,4059
17936.0,4060
17937.0,4061
17939.0,4062
17940.0,4063
17941.0,4064
17942.0,4065
17946.0,4066
17947.0,4067
17948.0,4068
17949.0,4069
17950.0,4070
17951.0,4071
17954.0,4072
17955.0,4073
17956.0,4074
17957.0,4075
17958.0,4076
17960.0,4077
17961.0,4078
17962.0,4079
17964.0,4080
17965.0,4081
17966.0,4082
17967.0,4083
17968.0,4084
17969.0,4085
17970.0,4086
17972.0,4087
17973.0,4088
17974.0,4089
17975.0,4090
17976.0,4091
17977.0,4092
17978.0,4093
17979.0,4094
17980.0,4095
17984.0,4096
17985.0,4097
17986.0,4098
17987.0,4099
17988.0,4100
17990.0,4101
17991.0,4102
17994.0,4103
17995.0,4104
17997.0,4105
17999.0,4106
18001.0,4107
18004.0,4108
18005.0,4109
18006.0,4110
18008.0,4111
18009.0,4112
18010.0,4113
18011.0,4114
18013.0,4115
18014.0,4116
18015.0,4117
18016.0,4118
18017.0,4119
18018.0,4120
18019.0,4121
18024.0,4122
18027.0,4123
18030.0,4124
18032.0,4125
18033.0,4126
18034.0,4127
18035.0,4128
18036.0,4129
18037.0,4130
18040.0,4131
18041.0,4132
18042.0,4133
18043.0,4134
18044.0,4135
18045.0,4136
18048.0,4137
18050.0,4138
18053.0,4139
18055.0,4140
18056.0,4141
18058.0,4142
18059.0,4143
18061.0,4144
18062.0,4145
18064.0,4146
18065.0,4147
18066.0,4148
18067.0,4149
18068.0,4150
18069.0,4151
18071.0,4152
18072.0,4153
18073.0,4154
18074.0,4155
18075.0,4156
18077.0,4157
18078.0,4158
18079.0,4159
18080.0,4160
18081.0,4161
18082.0,4162
18084.0,4163
18085.0,4164
18086.0,4165
18087.0,4166
18088.0,4167
18092.0,4168
18093.0,4169
18094.0,4170
18095.0,4171
18096.0,4172
18097.0,4173
18099.0,4174
18101.0,4175
18102.0,4176
18104.0,4177
18105.0,4178
18106.0,4179
18108.0,4180
18109.0,4181
18110.0,4182
18112.0,4183
18113.0,4184
18114.0,4185
18116.0,4186
18117.0,4187
18118.0,4188
18119.0,4189
18120.0,4190
18121.0,4191
18122.0,4192
18123.0,4193
18125.0,4194
18126.0,4195
18127.0,4196
18129.0,4197
18130.0,4198
18133.0,4199
18135.0,4200
18136.0,4201
18138.0,4202
18139.0,4203
18142.0,4204
18143.0,4205
18144.0,4206
18145.0,4207
18146.0,4208
18147.0,4209
18149.0,4210
18150.0,4211
18151.0,4212
18154.0,4213
18155.0,4214
18156.0,4215
18158.0,4216
18159.0,4217
18160.0,4218
18161.0,4219
18164.0,4220
18165.0,4221
18167.0,4222
18168.0,4223
18169.0,4224
18170.0,4225
18171.0,4226
18172.0,4227
18173.0,4228
18174.0,4229
18176.0,4230
18177.0,4231
18178.0,4232
18179.0,4233
18180.0,4234
18181.0,4235
18183.0,4236
18184.0,4237
18185.0,4238
18188.0,4239
18189.0,4240
18190.0,4241
18191.0,4242
18192.0,4243
18193.0,4244
18194.0,4245
18196.0,4246
18198.0,4247
18200.0,4248
18202.0,4249
18203.0,4250
18204.0,4251
18205.0,4252
18209.0,4253
18210.0,4254
18211.0,4255
18212.0,4256
18213.0,4257
18215.0,4258
18216.0,4259
18217.0,4260
18218.0,4261
18219.0,4262
18220.0,4263
18221.0,4264
18222.0,4265
18223.0,4266
18224.0,4267
18225.0,4268
18226.0,4269
18227.0,4270
18228.0,4271
18229.0,4272
18230.0,4273
18231.0,4274
18232.0,4275
18233.0,4276
18235.0,4277
18236.0,4278
18237.0,4279
18239.0,4280
18240.0,4281
18241.0,4282
18242.0,4283
18245.0,4284
18246.0,4285
18248.0,4286
18249.0,4287
18250.0,4288
18251.0,4289
18252.0,4290
18255.0,4291
18257.0,4292
18259.0,4293
18260.0,4294
18261.0,4295
18262.0,4296
18263.0,4297
18265.0,4298
18268.0,4299
18269.0,4300
18270.0,4301
18272.0,4302
18273.0,4303
18274.0,4304
18276.0,4305
18277.0,4306
18278.0,4307
18280.0,4308
18281.0,4309
18282.0,4310
18283.0,4311
18287.0,4312
